source_id,title,owner,category,url,license,update_frequency,geography,granularity,file_paths_in_repo,last_checked,checksum
PNE_001,Programma Nazionale Esiti,AGENAS,performance,https://pne.agenas.it/,CC-BY-4.0,annual,national,hospital,datasets/raw/governance/pne/README.md,2026-01-31,
LEA_001,Monitoraggio LEA / Nuovo Sistema di Garanzia,Ministero della Salute,governance,https://www.salute.gov.it/portale/lea/,government,annual,national+regional,region,datasets/raw/governance/lea_nsg/README.md,2026-01-31,
PNGLA_001,Piano Nazionale Gestione Liste Attesa,Ministero della Salute / AGENAS,access,https://pnla.agenas.it/,government,continuous,national+regional,asl,datasets/raw/governance/pngla/README.md,2026-01-31,
BDAP_001,OpenBDAP - Finanza Enti SSN,RGS / MEF,finance,https://openbdap.rgs.mef.gov.it/,government,quarterly,national+regional,entity,datasets/raw/finanza/openbdap/README.md,2026-01-31,
OSMED_001,OsMed - Osservatorio Medicinali,AIFA,pharma,https://www.aifa.gov.it/osmed,government,annual,national+regional,region,datasets/raw/finanza/osmed/README.md,2026-01-31,
DM77_001,DM 77/2022 - Assistenza Territoriale,Ministero della Salute,reform,https://www.gazzettaufficiale.it/eli/id/2022/06/22/22A03718/sg,government,static,national,national,datasets/raw/riforme/dm77_2022/README.md,2026-01-31,
PNRR_001,PNRR Missione 6 - Salute,Governo Italiano,reform,https://italiadomani.gov.it/it/il-piano/missioni-pnrr/salute.html,government,quarterly,national+regional,region,datasets/raw/riforme/pnrr_m6/README.md,2026-01-31,
DM70_001,DM 70/2015 - Standard Ospedalieri,Ministero della Salute,reform,https://www.gazzettaufficiale.it/eli/id/2015/06/04/15A04227/sg,government,static,national,national,datasets/raw/riforme/dm70_2015/README.md,2026-01-31,
OECD_001,OECD Health Statistics,OECD,international,https://stats.oecd.org/Index.aspx?ThemeTreeId=9,CC-BY-4.0,annual,international,country,datasets/raw/internazionale/oecd/README.md,2026-01-31,
EURO_001,Eurostat SHA 2011,Eurostat,international,https://ec.europa.eu/eurostat/web/health/data/database,CC-BY-4.0,annual,EU,country,datasets/raw/internazionale/eurostat/README.md,2026-01-31,
GHED_001,WHO Global Health Expenditure Database,WHO,international,https://apps.who.int/nha/database,CC-BY-4.0,annual,global,country,datasets/raw/internazionale/who_ghed/README.md,2026-01-31,
SDO_001,Schede Dimissione Ospedaliera,Ministero della Salute,activity,https://www.dati.salute.gov.it/,government,annual,national+regional,hospital,datasets/raw/ministero_salute/,2026-01-31,
GIMBE_001,Rapporto GIMBE sul SSN,Fondazione GIMBE,analysis,https://www.salviamo-ssn.it/,CC-BY-NC,annual,national,national,datasets/raw/gimbe/,2026-01-31,
ORPHA_001,Orphadata - Malattie Rare,Orphanet,epidemiology,https://www.orphadata.com/,CC-BY-4.0,quarterly,international,disease,datasets/raw/orphadata/,2026-01-31,
ISTAT_001,Health for All Italia,ISTAT,statistics,https://www.istat.it/sistema-informativo-6/health-for-all-italia/,CC-BY-4.0,annual,national+regional,region,datasets/raw/istat/,2026-01-31,
PASSI_001,Sorveglianza PASSI,ISS,surveillance,https://www.epicentro.iss.it/passi/,government,annual,national+regional,asl,datasets/raw/iss/,2026-01-31,
UNIAMO_001,Report Malattie Rare UNIAMO,UNIAMO,rare_diseases,https://uniamo.org/,CC-BY-NC,annual,national,national,datasets/raw/uniamo/,2026-01-31,
ENPAM_001,Guida Specialisti Ambulatoriali,ENPAM,workforce,https://www.enpam.it/,government,periodic,national,national,datasets/raw/enpam/,2026-01-31,
OSSERV_001,Rapporto Osservatorio sulla Salute,Osservatorio Nazionale sulla Salute,analysis,https://osservatoriosullasalute.it/,CC-BY-NC,annual,national+regional,region,datasets/raw/osservatorio_salute/,2026-01-31,
CENSIS_001,Rapporto CENSIS Sanità,CENSIS,analysis,https://www.censis.it/,proprietary,annual,national,national,,2026-01-31,
CREA_001,Rapporto CREA Sanità,CREA Sanità,performance,https://www.creasanita.it/,CC-BY-NC,annual,national+regional,region,,2026-01-31,
CPI_001,Osservatorio CPI Sanità,Università Cattolica,analysis,https://osservatoriocpi.unicatt.it/,CC-BY-NC,periodic,national,national,,2026-01-31,
CORTE_001,Relazione Corte dei Conti Sanità,Corte dei Conti,finance,https://www.corteconti.it/,government,annual,national+regional,region,,2026-01-31,
KFF_001,KFF Employer Health Benefits Survey,KFF,international,https://www.kff.org/health-costs/,CC-BY-NC,annual,USA,national,datasets/raw/sistema_sanitario/internazionale/,2026-01-31,
CWF_001,Commonwealth Fund Mirror Mirror,Commonwealth Fund,international,https://www.commonwealthfund.org/,CC-BY-NC,biennial,international,country,datasets/raw/sistema_sanitario/internazionale/,2026-01-31,
NAIC_001,NAIC Health Insurance Industry Report,NAIC,international,https://content.naic.org/,proprietary,annual,USA,national,datasets/raw/sistema_sanitario/internazionale/,2026-01-31,
ONS_001,Osservatorio Nazionale Screening - Dati Screening Oncologici,ONS / ISS / Ministero della Salute,screening,https://www.osservatorionazionalescreening.it/,government,annual,national+regional,region,datasets/raw/ons/,2026-02-17,
AIOM_001,I numeri del cancro in Italia,AIOM / AIRTUM / ONS,epidemiology,https://www.aiom.it/i-numeri-del-cancro-in-italia/,CC-BY-NC,annual,national,national,datasets/raw/societa_scientifiche/italiane/,2026-02-17,
AIRTUM_001,Rapporto AIRTUM - I tumori in Italia,AIRTUM,epidemiology,https://www.registri-tumori.it/cms/pubblicazioni,CC-BY-NC,annual,national+regional,region,datasets/raw/societa_scientifiche/italiane/,2026-02-17,
ANMCO_001,Osservatorio ANMCO Scompenso Cardiaco,ANMCO,analysis,https://www.anmco.it/pages/pubblicazioni/,CC-BY-NC,annual,national,national,datasets/raw/societa_scientifiche/italiane/,2026-02-17,
SIC_001,Rapporto Cardiologia in Italia,SIC,analysis,https://www.sicardiologia.it/,CC-BY-NC,annual,national,national,datasets/raw/societa_scientifiche/italiane/,2026-02-17,
SID_001,Italian Diabetes Monitor - Annuario SID/AMD,SID / AMD,epidemiology,https://www.siditalia.it/,CC-BY-NC,annual,national,national,datasets/raw/societa_scientifiche/italiane/,2026-02-17,
SIMG_001,Health Search Report - Medicina Generale,SIMG,epidemiology,https://www.healthsearch.it/,CC-BY-NC,annual,national,national,datasets/raw/societa_scientifiche/italiane/,2026-02-17,
SIN_001,Rapporto Malattie Neurologiche in Italia,SIN,epidemiology,https://www.neuro.it/,CC-BY-NC,annual,national,national,datasets/raw/societa_scientifiche/italiane/,2026-02-17,
SIR_001,Libro Bianco Reumatologia Italiana,SIR,analysis,https://www.reumatologia.it/,CC-BY-NC,periodic,national,national,datasets/raw/societa_scientifiche/italiane/,2026-02-17,
AIPO_001,White Book Pneumologia Italiana,AIPO-ITS,analysis,https://www.aiponet.it/,CC-BY-NC,periodic,national,national,datasets/raw/societa_scientifiche/italiane/,2026-02-17,
SINNEFRO_001,Registro Italiano Dialisi e Trapianto,SIN-Nefrologia,activity,https://ridt.sinitaly.org/,CC-BY-NC,annual,national,national,datasets/raw/societa_scientifiche/italiane/,2026-02-17,
SIGE_001,Libro Bianco Gastroenterologia Italiana,SIGE,analysis,https://www.sige.it/,CC-BY-NC,periodic,national,national,datasets/raw/societa_scientifiche/italiane/,2026-02-17,
SIE_001,Rapporto Malattie Endocrine in Italia,SIE,epidemiology,https://www.societaitalianadiendocrinologia.it/,CC-BY-NC,annual,national,national,datasets/raw/societa_scientifiche/italiane/,2026-02-17,
SIGG_001,Rapporto Invecchiamento in Italia,SIGG,analysis,https://www.sigg.it/,CC-BY-NC,annual,national,national,datasets/raw/societa_scientifiche/italiane/,2026-02-17,
SIMI_001,Rapporto Medicina Interna Ospedaliera,SIMI / FADOI,activity,https://www.simi.it/,CC-BY-NC,annual,national,national,datasets/raw/societa_scientifiche/italiane/,2026-02-17,
SIP_001,Rapporto Salute Mentale in Italia,SIP,epidemiology,https://www.psichiatria.it/,CC-BY-NC,annual,national,national,datasets/raw/societa_scientifiche/italiane/,2026-02-17,
SITI_001,Rapporto Prevenzione SItI,SItI,surveillance,https://www.societaitalianaigiene.org/,CC-BY-NC,annual,national,national,datasets/raw/societa_scientifiche/italiane/,2026-02-17,
ESC_001,European Cardiovascular Disease Statistics,ESC / EHN,international,https://www.escardio.org/,CC-BY-NC,annual,EU,country,datasets/raw/societa_scientifiche/europee/,2026-02-17,
ESMO_001,ESMO European Cancer Report,ESMO,international,https://www.esmo.org/,CC-BY-NC,annual,international,country,datasets/raw/societa_scientifiche/europee/,2026-02-17,
ERS_001,European Lung White Book,ERS,international,https://www.erswhitebook.org/,CC-BY-NC,periodic,EU,country,datasets/raw/societa_scientifiche/europee/,2026-02-17,
EASL_001,EASL-Lancet Liver Commission,EASL,international,https://easl.eu/,CC-BY-NC,periodic,EU,country,datasets/raw/societa_scientifiche/europee/,2026-02-17,
ERA_001,ERA Registry Annual Report,ERA,international,https://www.era-online.org/registry/,CC-BY-NC,annual,EU,country,datasets/raw/societa_scientifiche/europee/,2026-02-17,
EULAR_001,EULAR RheumaMap Research Roadmap,EULAR,international,https://www.eular.org/,CC-BY-NC,periodic,EU,country,datasets/raw/societa_scientifiche/europee/,2026-02-17,
EASD_001,EASD/ADA Consensus Diabetes Management,EASD / ADA,international,https://www.easd.org/,CC-BY-NC,periodic,international,country,datasets/raw/societa_scientifiche/europee/,2026-02-17,
EAN_001,EAN Survey Neurological Care Europe,EAN,international,https://www.ean.org/,CC-BY-NC,periodic,EU,country,datasets/raw/societa_scientifiche/europee/,2026-02-17,
EFIM_001,EFIM Position Paper Multimorbidity,EFIM,international,https://www.efim.org/,CC-BY-NC,periodic,EU,country,datasets/raw/societa_scientifiche/europee/,2026-02-17,
EUSCREEN_001,EU Cancer Screening Implementation Report,Commissione Europea,international,https://health.ec.europa.eu/,government,periodic,EU,country,datasets/raw/societa_scientifiche/europee/,2026-02-17,
OASI_001,Rapporto OASI - Osservatorio Aziende Sistema Sanitario,CERGAS - SDA Bocconi,analysis,https://cergas.unibocconi.eu/observatories/oasi,Open Access,annual,national+regional,region,datasets/raw/oasi_bocconi/,2026-02-24,
OASI_002,OASI Report Archive (2000-2025),CERGAS - SDA Bocconi,analysis,https://cergas.unibocconi.eu/observatories/oasi_/oasi-report-home,Open Access,annual,national,national,datasets/raw/oasi_bocconi/,2026-02-24,
OCPS_001,Osservatorio Consumi Privati Sanità,CERGAS - SDA Bocconi,analysis,https://cergas.unibocconi.eu/observatories/ocps,Open Access,annual,national,national,datasets/raw/oasi_bocconi/,2026-02-24,
AIFA_OSMED,Rapporto OsMed - Uso Farmaci in Italia,AIFA,pharma,https://www.aifa.gov.it/rapporti-osmed,government,annual,national+regional,region,datasets/raw/aifa/,2026-02-24,
AIFA_OSMED_DATA,OsMed Open Data - Dati Consumo Farmaceutico,AIFA,pharma,https://www.aifa.gov.it/dati-osmed,government,annual,national+regional,region,datasets/raw/aifa/,2026-02-24,
AIFA_VACC,Rapporto Vaccini - Sorveglianza Post-Marketing,AIFA,surveillance,https://www.aifa.gov.it/rapporto-vaccini,government,annual,national,national,datasets/raw/aifa/,2026-02-24,
AIFA_OSSC,Rapporto Sperimentazione Clinica,AIFA / OsSC,activity,https://www.aifa.gov.it/rapporto-sulla-sperimentazione-clinica-dei-medicinali-in-italia,government,annual,national,national,datasets/raw/aifa/,2026-02-24,
AIFA_ATT,Rapporto Attività AIFA,AIFA,activity,https://www.aifa.gov.it/rapporto-sulle-attivita-aifa,government,annual,national,national,datasets/raw/aifa/,2026-02-24,
AIFA_REG,Registri Monitoraggio Farmaci AIFA,AIFA,pharma,https://www.aifa.gov.it/registri-farmaci-sottoposti-a-monitoraggio,government,continuous,national,national,datasets/raw/aifa/,2026-02-24,
AIFA_TRASP,Liste di Trasparenza - Farmaci Equivalenti,AIFA,pharma,https://www.aifa.gov.it/liste-di-trasparenza,government,monthly,national,national,datasets/raw/aifa/,2026-02-24,
AIFA_PFN,Prontuario Farmaceutico Nazionale,AIFA,pharma,https://www.aifa.gov.it/liste-dei-farmaci,government,continuous,national,national,datasets/raw/aifa/,2026-02-24,
AIFA_HORIZON,Horizon Scanning - Medicinali in Arrivo,AIFA,pharma,https://www.aifa.gov.it/pubblicazioni,government,annual,national,national,datasets/raw/aifa/,2026-02-24,
GIMBE_SSN,Rapporti GIMBE sul SSN (2016-2025),Fondazione GIMBE,analysis,https://www.salviamo-ssn.it/,CC-BY-NC,annual,national+regional,region,datasets/raw/gimbe/,2026-03-07,
GIMBE_OSS,Osservatorio GIMBE - Report tematici,Fondazione GIMBE,analysis,https://www.gimbe.org/osservatorio,CC-BY-NC,periodic,national+regional,region,datasets/raw/gimbe/,2026-03-07,
GIMBE_MOB,GIMBE - Mobilità Sanitaria Interregionale,Fondazione GIMBE,analysis,https://www.gimbe.org/osservatorio,CC-BY-NC,annual,national+regional,region,datasets/raw/gimbe/,2026-03-07,
GIMBE_ATTESA,GIMBE - Analisi Liste di Attesa,Fondazione GIMBE,access,https://www.gimbe.org/osservatorio,CC-BY-NC,periodic,national,national,datasets/raw/gimbe/,2026-03-07,
GIMBE_WORK,GIMBE - Analisi Forza Lavoro SSN,Fondazione GIMBE,workforce,https://www.gimbe.org/osservatorio,CC-BY-NC,periodic,national,national,datasets/raw/gimbe/,2026-03-07,
GIMBE_PNRR,GIMBE - Monitoraggio PNRR Missione 6,Fondazione GIMBE,reform,https://www.gimbe.org/osservatorio,CC-BY-NC,periodic,national+regional,region,datasets/raw/gimbe/,2026-03-07,
GIMBE_COVID,GIMBE - Monitoraggio COVID-19,Fondazione GIMBE,surveillance,https://coronavirus.gimbe.org/,CC-BY-NC,weekly,national+regional,region,datasets/raw/gimbe/,2026-03-07,
GIMBE_EVID,Evidence - Rivista Scientifica GIMBE,Fondazione GIMBE,analysis,https://www.evidence.it/,CC-BY-NC,continuous,national,national,datasets/raw/gimbe/,2026-03-07,
PDTA_AGENAS_001,PPDTA Diabete Mellito nell'adulto,AGENAS / ALTEMS,pdta,https://www.agenas.gov.it/images/2026/hta/PPDTA_Diabete_Mellito_adulto.pdf,government,static,national,national,datasets/raw/pdta/nazionale/agenas/,2026-03-07,
PDTA_AGENAS_002,PPDTA Asma Grave nell'adulto,AGENAS / ALTEMS,pdta,https://www.agenas.gov.it/images/2026/hta/PPDTA_Asma_Grave_adulto.pdf,government,static,national,national,datasets/raw/pdta/nazionale/agenas/,2026-03-07,
PDTA_AGENAS_003,PPDTA BPCO nell'adulto,AGENAS / ALTEMS,pdta,https://www.agenas.gov.it/images/2026/hta/PPDTA_BPCO_adulto.pdf,government,static,national,national,datasets/raw/pdta/nazionale/agenas/,2026-03-07,
PDTA_PNC_001,Piano Nazionale della Cronicita,Ministero della Salute,pdta,https://www.salute.gov.it/imgs/C_17_pubblicazioni_2584_allegato.pdf,government,static,national,national,datasets/raw/pdta/nazionale/ministero_salute/,2026-03-07,
PDTA_PNC_002,Piano Nazionale Cronicita - Aggiornamento 2024,Ministero della Salute,pdta,https://www.quotidianosanita.it/allegati/allegato1737108617.pdf,government,static,national,national,datasets/raw/pdta/nazionale/ministero_salute/,2026-03-07,
PDTA_ISS_001,Linee di indirizzo Nazionali PDTA Demenze,ISS,pdta,https://www.iss.it/documents/20126/5783571/Testo+Linee+di+indirizzo+Nazionali+sui+Percorsi+Diagnostico+Terapeutici+Assistenziali+(PDTA)+per+le+demenze.pdf,government,static,national,national,datasets/raw/pdta/nazionale/iss/,2026-03-07,
PDTA_LOM_001,PDTA Regione Lombardia (120+ malattie rare),Regione Lombardia / Istituto Mario Negri,pdta,https://malattierare.marionegri.it/pdta-schede/,government,periodic,regional,asl,datasets/raw/pdta/regionale/lombardia/,2026-03-07,
PDTA_VEN_001,PDTA Regione Veneto (oncologici + salute mentale),Regione Veneto,pdta,https://salute.regione.veneto.it/web/rov/normativa-di-riferimento,government,periodic,regional,asl,datasets/raw/pdta/regionale/veneto/,2026-03-07,
PDTA_PIE_001,PSDTA Rete Oncologica Piemonte e Valle d'Aosta,Rete Oncologica Piemonte-VdA,pdta,https://reteoncologica.it/,government,periodic,regional,asl,datasets/raw/pdta/regionale/piemonte/,2026-03-07,
PDTA_EMR_001,PDTA Regione Emilia-Romagna,ASSR Emilia-Romagna,pdta,https://salute.regione.emilia-romagna.it/governo-clinico/valutaz-qual-assistenza/pdta/percorsi_diagnostico-terapeutici,government,periodic,regional,asl,datasets/raw/pdta/regionale/emilia_romagna/,2026-03-07,
PDTA_TOS_001,PDTA Regione Toscana (oncologici + malattie rare),Regione Toscana / ARS,pdta,https://malattierare.toscana.it/informazioni/atti-e-documenti/,government,periodic,regional,asl,datasets/raw/pdta/regionale/toscana/,2026-03-07,
PDTA_LAZ_001,PDTA Regione Lazio (endocrinologici + demenze),Regione Lazio,pdta,https://www.salutelazio.it/mrl-pdta,government,periodic,regional,asl,datasets/raw/pdta/regionale/lazio/,2026-03-07,
PDTA_CAM_001,PDTA Rete Oncologica Campana (19+ tumori),Regione Campania / ROC / IRCCS Pascale,pdta,https://www.reteoncologicacampana.it/?page_id=25559,government,annual,regional,asl,datasets/raw/pdta/regionale/campania/,2026-03-07,
PDTA_PUG_001,PathLAB - Sistema Regionale PDTA Puglia,AReSS Puglia,pdta,https://aress.regione.puglia.it/en/-/pathlab-sistema-regionale-pdta,government,periodic,regional,asl,datasets/raw/pdta/regionale/puglia/,2026-03-07,
PDTA_FVG_001,Piano Rete Oncologica FVG 2025-2027,ARCS FVG,pdta,https://arcs.sanita.fvg.it/media/uploads/2025/07/15/piano-della-rete-oncologica-regionale-fvg-2025-2027.pdf,government,periodic,regional,asl,datasets/raw/pdta/regionale/friuli_venezia_giulia/,2026-03-07,
PDTA_CSR_001,PDTA MICI - Accordo Stato-Regioni,Conferenza Stato-Regioni / AMICI,pdta,https://www.fnopi.it/archivio_news/attualita/1586/ACCORDO%20MICI.pdf,government,static,national,national,datasets/raw/pdta/nazionale/,2026-03-07,
PDTA_CSR_002,PDTA Malattie Reumatiche - Accordo Stato-Regioni,Conferenza Stato-Regioni / ANMAR,pdta,https://www.sifoweb.it/images/pdf/attivita/attivita-scientifica/aree_scientifiche/Contin_assistenziale_H-T/documenti/PDTA_nelle_Malattie_REUMATICHE_INFIAMMATORIE_E_AUTOIMMUNI.pdf,government,static,national,national,datasets/raw/pdta/nazionale/,2026-03-07,
PDTA_MR_001,Piano Nazionale Malattie Rare 2023-2026,Ministero della Salute / Conferenza Stato-Regioni,pdta,https://www.malattierare.gov.it/normativa/download/792/PIANONAZIONALEMALATTIERARE2023(1).pdf,government,static,national,national,datasets/raw/pdta/nazionale/,2026-03-07,
PDTA_AIOM_001,Linee Guida AIOM (39 documenti oncologici),AIOM + 75 societa scientifiche,pdta,https://www.aiom.it/en/linee-guida-aiom/,CC-BY-NC,annual,national,national,datasets/raw/pdta/nazionale/,2026-03-07,
PDTA_AMD_001,PDTA Diabete tipo 1 (AMD/SID/SIEDP),AMD / SID / SIEDP,pdta,https://aemmedi.it/wp-content/uploads/2019/03/PDTA-Diabete-tipo-1.pdf,CC-BY-NC,static,national,national,datasets/raw/pdta/nazionale/,2026-03-07,
PDTA_SID_001,LG Terapia Diabete tipo 2 (SID/AMD SNLG),SID / AMD,pdta,https://www.siditalia.it/pdf/LG_379_diabete_ed2022_feb2023.pdf,CC-BY-NC,periodic,national,national,datasets/raw/pdta/nazionale/,2026-03-07,
PDTA_ABR_001,PDTA Regione Abruzzo (reumatiche e autoimmuni),Regione Abruzzo / ASR,pdta,https://sanita.regione.abruzzo.it/tags/pdta,government,periodic,regional,asl,datasets/raw/pdta/regionale/abruzzo/,2026-03-07,
PDTA_BAS_001,PDTA Regione Basilicata,Regione Basilicata,pdta,https://www.regione.basilicata.it/,government,periodic,regional,asl,datasets/raw/pdta/regionale/basilicata/,2026-03-07,
PDTA_CAL_001,PDTA Regione Calabria (DCA),Regione Calabria,pdta,https://www.regione.calabria.it/,government,periodic,regional,asl,datasets/raw/pdta/regionale/calabria/,2026-03-07,
PDTA_LIG_001,PDTA Regione Liguria (A.Li.Sa. / DIAR),A.Li.Sa. / Regione Liguria,pdta,https://www.alisa.liguria.it/,government,periodic,regional,asl,datasets/raw/pdta/regionale/liguria/,2026-03-07,
PDTA_MAR_001,PDTA Regione Marche,Regione Marche,pdta,https://www.regione.marche.it/,government,periodic,regional,asl,datasets/raw/pdta/regionale/marche/,2026-03-07,
PDTA_MOL_001,PDTA Regione Molise,Regione Molise,pdta,https://www.regione.molise.it/,government,periodic,regional,asl,datasets/raw/pdta/regionale/molise/,2026-03-07,
PDTA_SAR_001,PDTA Regione Sardegna (ARES / Rete Oncologica),ARES Sardegna,pdta,https://www.regione.sardegna.it/,government,periodic,regional,asl,datasets/raw/pdta/regionale/sardegna/,2026-03-07,
PDTA_SIC_001,PDTA Regione Sicilia (CEFPAS / Rete Oncologica),Regione Sicilia / CEFPAS,pdta,https://www.regione.sicilia.it/,government,periodic,regional,asl,datasets/raw/pdta/regionale/sicilia/,2026-03-07,
PDTA_TAA_001,PDTA Trentino-Alto Adige (Province Autonome),PA Trento / PA Bolzano,pdta,https://www.provincia.tn.it/,government,periodic,regional,asl,datasets/raw/pdta/regionale/trentino_alto_adige/,2026-03-07,
PDTA_UMB_001,PDTA Regione Umbria,Regione Umbria,pdta,https://www.regione.umbria.it/,government,periodic,regional,asl,datasets/raw/pdta/regionale/umbria/,2026-03-07,
PDTA_VDA_001,PDTA Valle d'Aosta (Rete Piemonte-VdA),Azienda USL Valle d'Aosta,pdta,https://www.ausl.vda.it/,government,periodic,regional,asl,datasets/raw/pdta/regionale/valle_d_aosta/,2026-03-07,
GIMBE_RAPP_001,1° Rapporto GIMBE sulla sostenibilità SSN 2016-2025,Fondazione GIMBE,analysis,https://www.salviamo-ssn.it/var/contenuti/Rapporto_GIMBE_Sostenibilita_SSN_2016-2025.pdf,CC-BY-NC-ND,annual,national,national,datasets/raw/gimbe/pdf/1_Rapporto_GIMBE_Sostenibilita_SSN_2016-2025.pdf,2026-04-28,
GIMBE_RAPP_003,3° Rapporto GIMBE sulla sostenibilità SSN (2018),Fondazione GIMBE,analysis,https://www.salviamo-ssn.it/var/contenuti/3_Rapporto_GIMBE.pdf,CC-BY-NC-ND,annual,national,national,datasets/raw/gimbe/pdf/3_Rapporto_GIMBE.pdf,2026-04-28,
GIMBE_RAPP_004,4° Rapporto GIMBE sulla sostenibilità SSN (2019),Fondazione GIMBE,analysis,https://www.salviamo-ssn.it/var/contenuti/4_Rapporto_GIMBE_Sostenibilita_SSN.pdf,CC-BY-NC-ND,annual,national,national,datasets/raw/gimbe/pdf/4_Rapporto_GIMBE_Sostenibilita_SSN.pdf,2026-04-28,
GIMBE_RAPP_005,5° Rapporto GIMBE sul SSN (2022),Fondazione GIMBE,analysis,https://www.salviamo-ssn.it/var/contenuti/5_Rapporto_GIMBE_SSN.pdf,CC-BY-NC-ND,annual,national,national,datasets/raw/gimbe/pdf/5_Rapporto_GIMBE_SSN.pdf,2026-04-28,
GIMBE_RAPP_006,6° Rapporto GIMBE sul SSN (2023),Fondazione GIMBE,analysis,https://salviamo-ssn.it/var/contenuti/6_Rapporto_GIMBE_SSN.pdf,CC-BY-NC-ND,annual,national,national,datasets/raw/gimbe/pdf/6_Rapporto_GIMBE_SSN.pdf,2026-04-28,
GIMBE_RAPP_007,7° Rapporto GIMBE sul SSN (2024),Fondazione GIMBE,analysis,https://salviamo-ssn.it/var/contenuti/7_Rapporto_GIMBE_SSN.pdf,CC-BY-NC-ND,annual,national,national,datasets/raw/gimbe/pdf/7_Rapporto_GIMBE_SSN.pdf,2026-04-28,
GIMBE_RAPP_008,8° Rapporto GIMBE sul SSN (2025),Fondazione GIMBE,analysis,https://www.salviamo-ssn.it/var/contenuti/8_Rapporto_GIMBE_SSN.pdf,CC-BY-NC-ND,annual,national,national,datasets/raw/gimbe/pdf/8_Rapporto_GIMBE_SSN_2025.pdf,2026-04-28,
GIMBE_OSS_2019_04,Report Osservatorio GIMBE 4/2019 - Liste d'attesa,Fondazione GIMBE,analysis,https://www.gimbe.org/osservatorio/Report_Osservatorio_GIMBE_2019.04_Liste_attesa.pdf,CC-BY-NC-ND,periodic,national,national,datasets/raw/gimbe/osservatorio/Report_Osservatorio_GIMBE_2019.04_Liste_attesa.pdf,2026-04-28,
GIMBE_OSS_2019_06,Report Osservatorio GIMBE 6/2019 - Mobilità sanitaria 2017,Fondazione GIMBE,analysis,https://www.gimbe.org/osservatorio/Report_Osservatorio_GIMBE_2019.06_Mobilita_sanitaria_2017.pdf,CC-BY-NC-ND,periodic,national+regional,region,datasets/raw/gimbe/osservatorio/Report_Osservatorio_GIMBE_2019.06_Mobilita_sanitaria_2017.pdf,2026-04-28,
GIMBE_OSS_2019_07,Report Osservatorio GIMBE 7/2019 - Definanziamento SSN,Fondazione GIMBE,analysis,https://www.gimbe.org/osservatorio/Report_Osservatorio_GIMBE_2019.07_Definanziamento_SSN.pdf,CC-BY-NC-ND,periodic,national,national,datasets/raw/gimbe/osservatorio/Report_Osservatorio_GIMBE_2019.07_Definanziamento_SSN.pdf,2026-04-28,
GIMBE_OSS_2020_01,Report Osservatorio GIMBE 1/2020 - Ticket 2019,Fondazione GIMBE,analysis,https://www.gimbe.org/osservatorio/Report_Osservatorio_GIMBE_2020.01_Ticket_2019.pdf,CC-BY-NC-ND,periodic,national,national,datasets/raw/gimbe/osservatorio/Report_Osservatorio_GIMBE_2020.01_Ticket_2019.pdf,2026-04-28,
GIMBE_OSS_2020_02,Report Osservatorio GIMBE 2/2020 - Mobilità sanitaria 2018,Fondazione GIMBE,analysis,https://www.gimbe.org/osservatorio/Report_Osservatorio_GIMBE_2020.02_Mobilita_sanitaria_2018.pdf,CC-BY-NC-ND,periodic,national+regional,region,datasets/raw/gimbe/osservatorio/Report_Osservatorio_GIMBE_2020.02_Mobilita_sanitaria_2018.pdf,2026-04-28,
GIMBE_OSS_2021_01,Report Osservatorio GIMBE 1/2021 - Impatto COVID-19 prestazioni,Fondazione GIMBE,analysis,https://www.gimbe.org/osservatorio/Report_Osservatorio_GIMBE_2021.01_Impatto_COVID_19_prestazioni_sanitarie.pdf,CC-BY-NC-ND,periodic,national,national,datasets/raw/gimbe/osservatorio/Report_Osservatorio_GIMBE_2021.01_Impatto_COVID_19_prestazioni_sanitarie.pdf,2026-04-28,
GIMBE_OSS_2021_02,Report Osservatorio GIMBE 2/2021 - Sicurezza COVID-19 scuole,Fondazione GIMBE,analysis,https://www.gimbe.org/osservatorio/Report_Osservatorio_GIMBE_2021.02_Sicurezza_COVID_19_scuole.pdf,CC-BY-NC-ND,periodic,national,national,datasets/raw/gimbe/osservatorio/Report_Osservatorio_GIMBE_2021.02_Sicurezza_COVID_19_scuole.pdf,2026-04-28,
GIMBE_OSS_2021_03,Report Osservatorio GIMBE 3/2021 - Vaccinazione antinfluenzale,Fondazione GIMBE,analysis,https://www.gimbe.org/osservatorio/Report_Osservatorio_GIMBE_2021.03_Vaccinazione_antinfluenzale_in_Italia.pdf,CC-BY-NC-ND,periodic,national,national,datasets/raw/gimbe/osservatorio/Report_Osservatorio_GIMBE_2021.03_Vaccinazione_antinfluenzale_in_Italia.pdf,2026-04-28,
GIMBE_OSS_2022_01,Report Osservatorio GIMBE 1/2022 - Programmi elettorali 2022,Fondazione GIMBE,analysis,https://www.gimbe.org/osservatorio/Report_Osservatorio_GIMBE_2022.01_Monitoraggio_GIMBE_programmi_elettorali_2022.pdf,CC-BY-NC-ND,periodic,national,national,datasets/raw/gimbe/osservatorio/Report_Osservatorio_GIMBE_2022.01_Monitoraggio_programmi_elettorali_2022.pdf,2026-04-28,
GIMBE_OSS_2022_02,Report Osservatorio GIMBE 2/2022 - Adempimenti LEA 2010-2019,Fondazione GIMBE,analysis,https://www.gimbe.org/osservatorio/Report_Osservatorio_GIMBE_2022.02_Adempimenti_LEA_2010-2019.pdf,CC-BY-NC-ND,periodic,national+regional,region,datasets/raw/gimbe/osservatorio/Report_Osservatorio_GIMBE_2022.02_Adempimenti_LEA_2010-2019.pdf,2026-04-28,
GIMBE_OSS_2022_03,Report Osservatorio GIMBE 3/2022 - Isterectomie fibromi uterini,Fondazione GIMBE,analysis,https://www.gimbe.org/osservatorio/Report_Osservatorio_GIMBE_2022.03_Isterectomie_fibromi_uterini.pdf,CC-BY-NC-ND,periodic,national+regional,region,datasets/raw/gimbe/osservatorio/Report_Osservatorio_GIMBE_2022.03_Isterectomie_fibromi_uterini.pdf,2026-04-28,
GIMBE_OSS_2023_01,Report Osservatorio GIMBE 1/2023 - Regionalismo differenziato,Fondazione GIMBE,analysis,https://www.gimbe.org/osservatorio/Report_Osservatorio_GIMBE_2023.01_Regionalismo_differenziato_in_sanita.pdf,CC-BY-NC-ND,periodic,national+regional,region,datasets/raw/gimbe/osservatorio/Report_Osservatorio_GIMBE_2023.01_Regionalismo_differenziato_in_sanita.pdf,2026-04-28,
GIMBE_OSS_2023_02,Report Osservatorio GIMBE 2/2023 - Mobilità sanitaria 2020,Fondazione GIMBE,analysis,https://www.gimbe.org/osservatorio/Report_Osservatorio_GIMBE_2023.02_Mobilita_sanitaria_2020.pdf,CC-BY-NC-ND,periodic,national+regional,region,datasets/raw/gimbe/osservatorio/Report_Osservatorio_GIMBE_2023.02_Mobilita_sanitaria_2020.pdf,2026-04-28,
GIMBE_OSS_2023_04,Report Osservatorio GIMBE 4/2023 - Filiera healthcare nel SSN,Fondazione GIMBE,analysis,https://www.gimbe.org/osservatorio/Report_Osservatorio_GIMBE_2023.04_Ruolo_filiera_healthcare_nel_SSN.pdf,CC-BY-NC-ND,periodic,national,national,datasets/raw/gimbe/osservatorio/Report_Osservatorio_GIMBE_2023.04_Ruolo_filiera_healthcare_nel_SSN.pdf,2026-04-28,
GIMBE_OSS_2024_01,Report Osservatorio GIMBE 1/2024 - Mobilità sanitaria 2021,Fondazione GIMBE,analysis,https://www.gimbe.org/osservatorio/Report_Osservatorio_GIMBE_2024.01_Mobilita_sanitaria_2021.pdf,CC-BY-NC-ND,periodic,national+regional,region,datasets/raw/gimbe/osservatorio/Report_Osservatorio_GIMBE_2024.01_Mobilita_sanitaria_2021.pdf,2026-04-28,
GIMBE_OSS_2024_02,Report Osservatorio GIMBE 2/2024 - Autonomia differenziata,Fondazione GIMBE,analysis,https://www.gimbe.org/osservatorio/Report_Osservatorio_GIMBE_2024.02_Autonomia_differenziata_in_sanita.pdf,CC-BY-NC-ND,periodic,national+regional,region,datasets/raw/gimbe/osservatorio/Report_Osservatorio_GIMBE_2024.02_Autonomia_differenziata_in_sanita.pdf,2026-04-28,
GIMBE_OSS_2024_03,Report Osservatorio GIMBE 3/2024 - Scuole che Promuovono Salute,Fondazione GIMBE,analysis,https://www.gimbe.org/osservatorio/Report_Osservatorio_GIMBE_2024.03_Scuole_che_promuovono_salute.pdf,CC-BY-NC-ND,periodic,national,national,datasets/raw/gimbe/osservatorio/Report_Osservatorio_GIMBE_2024.03_Scuole_che_promuovono_salute.pdf,2026-04-28,
GIMBE_OSS_2025_01,Report Osservatorio GIMBE 1/2025 - Mobilità sanitaria 2022,Fondazione GIMBE,analysis,https://www.gimbe.org/osservatorio/Report_Osservatorio_GIMBE_2025.01_Mobilita_sanitaria_2022.pdf,CC-BY-NC-ND,periodic,national+regional,region,datasets/raw/gimbe/osservatorio/Report_Osservatorio_GIMBE_2025.01_Mobilita_sanitaria_2022.pdf,2026-04-28,
GIMBE_OSS_2025_02,Report Osservatorio GIMBE 2/2025 - Spesa sanitaria privata 2023,Fondazione GIMBE,analysis,https://salviamo-ssn.it/var/contenuti/Report_Osservatorio_GIMBE_2025.02_Spesa_sanitaria_privata_2023.pdf,CC-BY-NC-ND,periodic,national,national,datasets/raw/gimbe/osservatorio/Report_Osservatorio_GIMBE_2025.02_Spesa_sanitaria_privata_2023.pdf,2026-04-28,
GIMBE_OSS_2026_01,Report Osservatorio GIMBE 1/2026 - Mobilità sanitaria 2023,Fondazione GIMBE,analysis,https://www.gimbe.org/osservatorio/Report_Osservatorio_GIMBE_2026.01_Mobilita_sanitaria_2023.pdf,CC-BY-NC-ND,periodic,national+regional,region,datasets/raw/gimbe/osservatorio/Report_Osservatorio_GIMBE_2026.01_Mobilita_sanitaria_2023.pdf,2026-04-28,
GIMBE_OSS_2026_ENDO,Report Osservatorio GIMBE 2026 - Endometriosi (diseguaglianze regionali),Fondazione GIMBE,analysis,https://www.gimbe.org/endometriosi,CC-BY-NC-ND,periodic,national+regional,region,datasets/raw/gimbe/osservatorio/Report_Osservatorio_GIMBE_2026_Endometriosi.pdf,2026-04-28,
ANIA_ASSIT_2024_2025,L'Assicurazione Italiana 2024-2025,ANIA,insurance,https://www.ania.it/wp-content/uploads/2026/03/LAssicurazione-Italiana-2024-2025.pdf,CC-BY-NC,annual,national,national,datasets/raw/ania/assicurazione_italiana_2024_2025.pdf,2026-04-28,
ANIA_ASSIT_2023_2024,L'Assicurazione Italiana 2023-2024,ANIA,insurance,https://www.ania.it/dettaglio/-/asset_publisher/sj4agTtNdEk3/document/id/689939,CC-BY-NC,annual,national,national,datasets/raw/ania/assicurazione_italiana_2023_2024.pdf,2026-04-28,
ANIA_ASSIT_2022_2023,L'Assicurazione Italiana 2022-2023,ANIA,insurance,https://www.ania.it/dettaglio/-/asset_publisher/sj4agTtNdEk3/document/id/689939,CC-BY-NC,annual,national,national,datasets/raw/ania/assicurazione_italiana_2022_2023.pdf,2026-04-28,
ANIA_ASSIT_2020_2021,L'Assicurazione Italiana 2020-2021,ANIA,insurance,https://www.ania.it/documents/35135/126701/L%27Assicurazione%2BItaliana%2B2020-2021.pdf,CC-BY-NC,annual,national,national,datasets/raw/ania/assicurazione_italiana_2020_2021.pdf,2026-04-28,
ANIA_ITAIN_FIGURES_2017,Italian Insurance in Figures 2017,ANIA,insurance,https://www.ania.it/documents/35135/126704/Italian-Insurance-in-figures-2017.pdf,CC-BY-NC,annual,national,national,datasets/raw/ania/italian_insurance_in_figures_2017.pdf,2026-04-28,
ANIA_TRENDS_RCA_2024,ANIA Trends - focus RC Auto 31.12.2024,ANIA,insurance,https://www.ania.it/documents/35135/865401/ANIA%2BTrends%2B-%2Bfocus%2BRC%2BAuto%2B31.12.2024.pdf,CC-BY-NC,quarterly,national,national,datasets/raw/ania/ania_trends_rca_2024.pdf,2026-04-28,
ANIA_TRENDS_PREZZI_RCA,ANIA Trends - focus prezzi RC Auto Giugno 2024,ANIA,insurance,https://www.ania.it/documents/35135/865401/ANIA%2BTRENDS%2B-%2Bfocus_prezzi_%2BRC%2Bauto_Giugno%2B2024.pdf,CC-BY-NC,quarterly,national,national,datasets/raw/ania/ania_trends_prezzi_rca.pdf,2026-04-28,
ANIA_NEWSLETTER_DANNI_T2_2025,ANIA Newsletter Danni - 2° trimestre 2025,ANIA,insurance,https://www.ania.it/documents/35135/941808/Newsletter_DANNI%2Bsecondo%2Btrimestre%2B2025.pdf,CC-BY-NC,quarterly,national,national,datasets/raw/ania/ania_newsletter_danni_t2_2025.pdf,2026-04-28,
ANIA_NEWSLETTER_VITA_2025,ANIA Newsletter Vita - giugno 2025,ANIA,insurance,https://www.ania.it/documents/35135/919026/Newsletter%2BVita%2Bgiugno%2B2025.pdf,CC-BY-NC,periodic,national,national,datasets/raw/ania/ania_newsletter_vita.pdf,2026-04-28,
